HLA Allele	Phenotype	GBE ID	PLINK Beta	PLINK SE	PLINK t-stat	PLINK P	BY-adjusted PLINK P	BMA posterior probability
DQA1_201	AST to ALT ratio	INI30030650	-0.036662099999999996	0.00356905	-10.2722	9.48406e-25	8.010719940393393e-22	100.0
DRB3_101	AST to ALT ratio	INI30030650	-0.031358	0.00336809	-9.310319999999999	1.28217e-20	7.692237445827095e-18	100.0
A_1101	AST to ALT ratio	INI30030650	0.0461981	0.0052895	8.733939999999999	2.47105e-18	1.2392599420286276e-15	100.0
B_5701	AST to ALT ratio	INI30030650	-0.055191	0.00648785	-8.50683	1.79517e-17	8.002652116420255e-15	100.0
DQA1_501	Alanine aminotransferase	INI20030620	-0.0262577	0.00303159	-8.66136	4.68349e-18	2.277647515422937e-15	100.0
B_4403	Alanine aminotransferase	INI20030620	0.039949	0.00535664	7.45785	8.81704e-14	2.9478978515918574e-11	100.0
B_5701	Alanine aminotransferase	INI20030620	0.0417393	0.00647741	6.44383	1.16664e-10	2.555995534119086e-08	100.0
DQB1_604	Alanine aminotransferase	INI20030620	0.0440023	0.00771068	5.70667	1.1531100000000001e-08	1.932692728684186e-06	100.0
B_4001	Albumin	INI20030600	0.036722500000000005	0.00574195	6.3954699999999995	1.60291e-10	3.441349633717237e-08	100.0
DQA1_301	Alkaline phosphatase	INI10030610	0.023149799999999998	0.0031258	7.40605	1.30432e-13	4.27187887845553e-11	100.0
DPA1_103	Alkaline phosphatase	INI10030610	-0.0172794	0.00323549	-5.34058	9.271399999999999e-08	1.3619298221182525e-05	100.0
B_2705	Alkaline phosphatase	INI10030610	0.032693599999999996	0.00651197	5.02053	5.15561e-07	6.672509935736824e-05	100.0
B_801	Apolipoprotein A	INI20030630	-0.033541900000000006	0.00374396	-8.95893	3.29714e-19	1.7637904643549447e-16	100.0
DQA1_102	Apolipoprotein A	INI20030630	-0.026492400000000003	0.00335429	-7.89808	2.84227e-15	1.0796164041015128e-12	100.0
DRB1_301	Aspartate aminotransferase	INI20030650	-0.077912	0.00352921	-22.0763	6.439999999999995e-108	4.1340594298498103e-103	100.0
B_801	Aspartate aminotransferase	INI20030650	-0.06944260000000001	0.00357754	-19.4107	7.01145e-84	9.00178602155915e-80	100.0
DRB1_101	Aspartate aminotransferase	INI20030650	0.056677	0.00437676	12.9495	2.4181099999999994e-38	4.703844554825018e-35	100.0
DQA1_301	C-reactive protein	INI20030710	0.037911400000000005	0.00312866	12.1175	8.68514e-34	1.2965796950948214e-30	100.0
DRB3_101	C-reactive protein	INI20030710	-0.026300099999999996	0.00336525	-7.8151800000000025	5.50497e-15	2.054553042353416e-12	100.0
B_2705	C-reactive protein	INI20030710	0.045684699999999995	0.00651855	7.00842	2.415e-12	6.740314287798608e-10	100.0
DRB1_301	Calcium	INI20030680	-0.025809500000000003	0.00368383	-7.00616	2.45467e-12	6.821375911288645e-10	100.0
B_801	Creatinine	INI20030700	0.025571	0.00357414	7.15445	8.419030000000001e-13	2.4905379942244947e-10	100.0
DQA1_301	Creatinine	INI20030700	-0.0196771	0.00312514	-6.29641	3.0501599999999996e-10	6.295831274865043e-08	100.0
DQB1_201	Cystatin C	INI20030720	0.0420004	0.00352354	11.92	9.46627e-33	1.2929206673385885e-29	85.5
DRB5_9901	Direct bilirubin	INI20030660	0.023345400000000002	0.00378615	6.16602	7.013089999999999e-10	1.3560077661680302e-07	100.0
A_301	Direct bilirubin	INI20030660	0.0202027	0.00385731	5.237509999999999	1.62882e-07	2.298013337153768e-05	100.0
DQA1_501	Gamma glutamyltransferase	INI20030730	-0.0354794	0.00303102	-11.7054	1.2141299999999999e-31	1.470551264374649e-28	100.0
DQB1_201	HbA1c	INI20030750	0.0396172	0.00360222	10.998	3.9545699999999997e-28	4.2309594719205935e-25	100.0
C_702	HbA1c	INI20030750	-0.0384296	0.00352173	-10.9121	1.0206e-27	1.0567073367322978e-24	81.6
A_301	HbA1c	INI20030750	-0.035887300000000004	0.00364412	-9.84798	7.04884e-23	5.084151628079863e-20	100.0
B_801	HDL cholesterol	INI20030760	-0.0299421	0.00373458	-8.01753	1.08286e-15	4.1875024266698803e-13	100.0
B_4001	HDL cholesterol	INI20030760	-0.035734800000000004	0.00573924	-6.2264	4.77931e-10	9.527965536474052e-08	100.0
DQA1_501	IGF-1	INI20030770	-0.030349599999999997	0.00303906	-9.98651	1.76052e-23	1.361613093511785e-20	100.0
DQB1_501	IGF-1	INI20030770	0.037092099999999996	0.003855	9.62182	6.5124e-22	4.18053550170092e-19	100.0
C_701	IGF-1	INI20030770	-0.028694900000000002	0.00329744	-8.70215	3.2716500000000002e-18	1.6031951464686529e-15	100.0
B_801	Non-albumin protein	INI10030910	-0.07597310000000003	0.00373429	-20.3447	5.991839999999996e-92	1.2821233257842282e-87	100.0
DQA1_201	Non-albumin protein	INI10030910	-0.0691898	0.00372567	-18.5711	6.100799999999996e-77	3.916315181619214e-73	100.0
DQB1_301	Non-albumin protein	INI10030910	0.0411605	0.00346412	11.8819	1.4949399999999994e-32	1.999278857420962e-29	100.0
DPB1_501	Phosphate	INI20030810	-0.0481918	0.00933384	-5.1631300000000016	2.43018e-07	3.36210529062447e-05	100.0
DPB1_101	Phosphate	INI20030810	-0.0281185	0.00556891	-5.04919	4.43955e-07	5.8161248389497204e-05	100.0
A_101	Phosphate	INI20030810	-0.014751400000000001	0.00332162	-4.4410300000000005	8.95641e-06	0.0009303285296714801	81.0
C_702	SHBG	INI20030830	0.027935599999999998	0.00362149	7.71385	1.22469e-14	4.441644070553712e-12	100.0
B_4402	SHBG	INI20030830	-0.026559899999999997	0.00419196	-6.33592	2.3627099999999996e-10	4.940408863323917e-08	100.0
C_401	Testosterone	INI20030850	0.0250417	0.00476277	5.2578	1.45896e-07	2.0833776518007097e-05	100.0
DRB5_9901	Total bilirubin	INI10030840	0.0278533	0.00350592	7.9446600000000025	1.9535799999999997e-15	7.46470702174467e-13	100.0
A_101	Total bilirubin	INI10030840	-0.0222778	0.00318066	-7.00415	2.48986e-12	6.889342747380228e-10	100.0
B_801	Total protein	INI20030860	-0.0714888	0.00373449	-19.1429	1.2464499999999991e-81	1.143056427758717e-77	100.0
DQA1_201	Total protein	INI20030860	-0.0631936	0.00372602	-16.9601	1.7409699999999998e-64	7.450593628970626e-61	89.0
DRB1_301	Triglycerides	INI20030870	-0.0479213	0.00352664	-13.5883	4.8248299999999995e-42	1.1061520607210664e-38	100.0
C_401	Triglycerides	INI20030870	0.0403678	0.00454322	8.88528	6.40778e-19	3.3442083691111234e-16	100.0
A_301	Urate	INI10030880	0.021328599999999996	0.00356734	5.97886	2.24948e-09	4.209968675306737e-07	100.0
A_101	Urate	INI10030880	0.0163627	0.00317676	5.15074	2.5961200000000004e-07	3.576265017134625e-05	93.8
DPB1_301	Urate	INI10030880	0.0232753	0.00519092	4.48384	7.333889999999999e-06	0.0007755977649979339	100.0
A_3201	Urate	INI10030880	-0.0307197	0.00686089	-4.47751	7.5546000000000005e-06	0.0007976249736623335	94.0
A_2402	Urate	INI10030880	-0.0216635	0.00490529	-4.41636	1.00408e-05	0.0010396028832707874	100.0
DRB1_1101	Urea	INI20030670	0.0327881	0.00806456	4.0657	4.78999e-05	0.004300504566821505	100.0
B_801	eGFR	INI40030700	-0.0255973	0.00356634	-7.17747	7.11694e-13	2.1448876533604032e-10	100.0
DQA1_301	eGFR	INI40030700	0.0195708	0.00311846	6.27579	3.4830900000000005e-10	7.143502599327082e-08	100.0
